{
  "100_20_4": {
    "precision": 0.6,
    "recall": 0.25,
    "f1": 0.352941,
    "accuracy": 0.932099,
    "tp": 3.0,
    "fp": 2.0,
    "fn": 9.0
  },
  "artifact_03_reranked_overlapwindows": {
    "precision": 0.428571,
    "recall": 0.25,
    "f1": 0.315789,
    "accuracy": 0.887931,
    "tp": 3.0,
    "fp": 4.0,
    "fn": 9.0
  },
  "schema_v2_outputs": {
    "precision": 0.375,
    "recall": 0.25,
    "f1": 0.3,
    "accuracy": 0.888889,
    "tp": 3.0,
    "fp": 5.0,
    "fn": 9.0
  },
  "with_reranker": {
    "precision": 0.6,
    "recall": 0.25,
    "f1": 0.352941,
    "accuracy": 0.912698,
    "tp": 3.0,
    "fp": 2.0,
    "fn": 9.0
  },
  "without_reranker": {
    "precision": 0.285714,
    "recall": 0.166667,
    "f1": 0.210526,
    "accuracy": 0.911243,
    "tp": 2.0,
    "fp": 5.0,
    "fn": 10.0
  }
}