{
  "100_20_4": {
    "precision": 0.238462,
    "recall": 0.492063,
    "f1": 0.321244,
    "tp": 31.0,
    "fp": 99.0,
    "fn": 32.0
  },
  "schema_v2_outputs": {
    "precision": 0.329787,
    "recall": 0.492063,
    "f1": 0.394904,
    "tp": 31.0,
    "fp": 63.0,
    "fn": 32.0
  },
  "with_reranker": {
    "precision": 0.329787,
    "recall": 0.492063,
    "f1": 0.394904,
    "tp": 31.0,
    "fp": 63.0,
    "fn": 32.0
  },
  "without_reranker": {
    "precision": 0.288591,
    "recall": 0.68254,
    "f1": 0.40566,
    "tp": 43.0,
    "fp": 106.0,
    "fn": 20.0
  }
}